n,instance,method,cost,source_deviations,endpoint_deviations
20,0,route,3.9859278202056885,7,0
20,0,source_once,3.9859278202056885,7,0
20,0,source_repeated,3.9859278202056885,7,0
20,0,endpoint_once,3.9859278202056885,7,0
20,0,endpoint_repeated,3.9859278202056885,7,0
20,1,route,3.837382510304451,4,0
20,1,source_once,3.837382510304451,4,0
20,1,source_repeated,3.837382510304451,4,0
20,1,endpoint_once,3.837382510304451,4,0
20,1,endpoint_repeated,3.837382510304451,4,0
20,2,route,4.518050443381071,2,1
20,2,source_once,4.054965283721685,2,1
20,2,source_repeated,4.054965283721685,2,1
20,2,endpoint_once,4.054965283721685,2,1
20,2,endpoint_repeated,4.054965283721685,2,1
20,3,route,4.466534540057182,6,1
20,3,source_once,3.810851775109768,6,1
20,3,source_repeated,3.810851775109768,6,1
20,3,endpoint_once,4.466534540057182,6,1
20,3,endpoint_repeated,4.163336984813213,6,1
20,4,route,3.908138133585453,6,1
20,4,source_once,3.8290164843201637,6,1
20,4,source_repeated,3.8290164843201637,6,1
20,4,endpoint_once,3.908138133585453,6,1
20,4,endpoint_repeated,3.8290164843201637,6,1
20,5,route,4.444736272096634,7,0
20,5,source_once,4.444736272096634,7,0
20,5,source_repeated,4.444736272096634,7,0
20,5,endpoint_once,4.444736272096634,7,0
20,5,endpoint_repeated,4.444736272096634,7,0
20,6,route,5.047674678266048,3,2
20,6,source_once,4.71733146160841,3,2
20,6,source_repeated,4.71733146160841,3,2
20,6,endpoint_once,5.047674678266048,3,2
20,6,endpoint_repeated,4.678555436432362,3,2
20,7,route,4.045183427631855,7,0
20,7,source_once,4.045183427631855,7,0
20,7,source_repeated,4.045183427631855,7,0
20,7,endpoint_once,4.045183427631855,7,0
20,7,endpoint_repeated,4.045183427631855,7,0
20,8,route,4.081528784707189,6,3
20,8,source_once,3.831841530278325,6,3
20,8,source_repeated,3.831841530278325,6,3
20,8,endpoint_once,4.009903656318784,6,3
20,8,endpoint_repeated,3.961239093914628,6,3
20,9,route,3.765520714223385,7,1
20,9,source_once,3.746906340122223,7,1
20,9,source_repeated,3.746906340122223,7,1
20,9,endpoint_once,3.765520714223385,7,1
20,9,endpoint_repeated,3.7301206588745117,7,1
20,10,route,4.548668507486582,2,2
20,10,source_once,4.3492530062794685,2,2
20,10,source_repeated,4.3492530062794685,2,2
20,10,endpoint_once,4.382221631705761,2,2
20,10,endpoint_repeated,4.3492530062794685,2,2
20,11,route,3.7543979547917843,7,0
20,11,source_once,3.7543979547917843,7,0
20,11,source_repeated,3.7543979547917843,7,0
20,11,endpoint_once,3.7543979547917843,7,0
20,11,endpoint_repeated,3.7543979547917843,7,0
20,12,route,3.825928196310997,4,1
20,12,source_once,3.682769350707531,4,1
20,12,source_repeated,3.682769350707531,4,1
20,12,endpoint_once,3.670968219637871,4,1
20,12,endpoint_repeated,3.670968219637871,4,1
20,13,route,3.7956818593665957,7,0
20,13,source_once,3.7956818593665957,7,0
20,13,source_repeated,3.7956818593665957,7,0
20,13,endpoint_once,3.7956818593665957,7,0
20,13,endpoint_repeated,3.7956818593665957,7,0
20,14,route,4.55255289748311,7,1
20,14,source_once,4.492445144802332,7,1
20,14,source_repeated,4.492445144802332,7,1
20,14,endpoint_once,4.492445144802332,7,1
20,14,endpoint_repeated,4.492445144802332,7,1
20,15,route,4.140771023929119,8,0
20,15,source_once,4.140771023929119,8,0
20,15,source_repeated,4.140771023929119,8,0
20,15,endpoint_once,4.140771023929119,8,0
20,15,endpoint_repeated,4.140771023929119,8,0
20,16,route,4.332461416721344,6,1
20,16,source_once,4.332461416721344,6,1
20,16,source_repeated,4.332461416721344,6,1
20,16,endpoint_once,4.332461416721344,6,1
20,16,endpoint_repeated,4.312015503644943,6,1
20,17,route,3.6860030125826597,5,0
20,17,source_once,3.6860030125826597,5,0
20,17,source_repeated,3.6860030125826597,5,0
20,17,endpoint_once,3.6860030125826597,5,0
20,17,endpoint_repeated,3.6860030125826597,5,0
20,18,route,4.670729621313512,5,1
20,18,source_once,4.379212914966047,5,1
20,18,source_repeated,4.379212914966047,5,1
20,18,endpoint_once,4.670729621313512,5,1
20,18,endpoint_repeated,4.504514723084867,5,1
20,19,route,4.1936691384762526,8,1
20,19,source_once,4.173534831032157,8,1
20,19,source_repeated,4.173534831032157,8,1
20,19,endpoint_once,4.1936691384762526,8,1
20,19,endpoint_repeated,4.173534831032157,8,1
20,20,route,5.760686617344618,2,1
20,20,source_once,4.9948630928993225,2,1
20,20,source_repeated,4.9948630928993225,2,1
20,20,endpoint_once,4.9948630928993225,2,1
20,20,endpoint_repeated,4.9948630928993225,2,1
20,21,route,3.791627712547779,6,0
20,21,source_once,3.791627712547779,6,0
20,21,source_repeated,3.791627712547779,6,0
20,21,endpoint_once,3.791627712547779,6,0
20,21,endpoint_repeated,3.791627712547779,6,0
20,22,route,4.134525336325169,6,1
20,22,source_once,4.093408681452274,6,1
20,22,source_repeated,4.07865122705698,6,1
20,22,endpoint_once,4.134525336325169,6,1
20,22,endpoint_repeated,4.093408681452274,6,1
20,23,route,4.98798368871212,6,1
20,23,source_once,4.179432965815067,6,1
20,23,source_repeated,4.179432965815067,6,1
20,23,endpoint_once,4.98798368871212,6,1
20,23,endpoint_repeated,4.179432965815067,6,1
20,24,route,3.7570696268230677,7,0
20,24,source_once,3.7570696268230677,7,0
20,24,source_repeated,3.7570696268230677,7,0
20,24,endpoint_once,3.7570696268230677,7,0
20,24,endpoint_repeated,3.7570696268230677,7,0
20,25,route,3.8755095191299915,4,1
20,25,source_once,3.847509641200304,4,1
20,25,source_repeated,3.847509641200304,4,1
20,25,endpoint_once,3.8755095191299915,4,1
20,25,endpoint_repeated,3.847509641200304,4,1
20,26,route,4.228777598589659,5,0
20,26,source_once,4.228777598589659,5,0
20,26,source_repeated,4.228777598589659,5,0
20,26,endpoint_once,4.228777598589659,5,0
20,26,endpoint_repeated,4.228777598589659,5,0
20,27,route,4.240118097513914,2,0
20,27,source_once,4.240118097513914,2,0
20,27,source_repeated,4.240118097513914,2,0
20,27,endpoint_once,4.240118097513914,2,0
20,27,endpoint_repeated,4.240118097513914,2,0
20,28,route,3.923614116385579,2,0
20,28,source_once,3.923614116385579,2,0
20,28,source_repeated,3.923614116385579,2,0
20,28,endpoint_once,3.923614116385579,2,0
20,28,endpoint_repeated,3.923614116385579,2,0
20,29,route,4.701974429190159,9,0
20,29,source_once,4.701974429190159,9,0
20,29,source_repeated,4.701974429190159,9,0
20,29,endpoint_once,4.701974429190159,9,0
20,29,endpoint_repeated,4.701974429190159,9,0
20,30,route,4.073369035497308,8,2
20,30,source_once,3.813128361478448,8,2
20,30,source_repeated,3.813128361478448,8,2
20,30,endpoint_once,4.073369035497308,8,2
20,30,endpoint_repeated,3.813128361478448,8,2
20,31,route,4.562882836908102,5,0
20,31,source_once,4.562882836908102,5,0
20,31,source_repeated,4.562882836908102,5,0
20,31,endpoint_once,4.562882836908102,5,0
20,31,endpoint_repeated,4.562882836908102,5,0
20,32,route,3.864066379144788,3,1
20,32,source_once,3.791556702926755,3,1
20,32,source_repeated,3.791556702926755,3,1
20,32,endpoint_once,3.791556702926755,3,1
20,32,endpoint_repeated,3.791556702926755,3,1
20,33,route,4.7196154445409775,7,1
20,33,source_once,4.6313246339559555,7,1
20,33,source_repeated,4.533488944172859,7,1
20,33,endpoint_once,4.6313246339559555,7,1
20,33,endpoint_repeated,4.6313246339559555,7,1
20,34,route,3.8358762618154287,6,0
20,34,source_once,3.8358762618154287,6,0
20,34,source_repeated,3.8358762618154287,6,0
20,34,endpoint_once,3.8358762618154287,6,0
20,34,endpoint_repeated,3.8358762618154287,6,0
20,35,route,4.572093304246664,3,0
20,35,source_once,4.572093304246664,3,0
20,35,source_repeated,4.572093304246664,3,0
20,35,endpoint_once,4.572093304246664,3,0
20,35,endpoint_repeated,4.572093304246664,3,0
20,36,route,4.861497665755451,7,2
20,36,source_once,4.474063220433891,7,2
20,36,source_repeated,4.474063220433891,7,2
20,36,endpoint_once,4.861497665755451,7,2
20,36,endpoint_repeated,4.367809350602329,7,2
20,37,route,3.8984378278255463,6,0
20,37,source_once,3.8984378278255463,6,0
20,37,source_repeated,3.8984378278255463,6,0
20,37,endpoint_once,3.8984378278255463,6,0
20,37,endpoint_repeated,3.8984378278255463,6,0
20,38,route,3.4559044055640697,9,0
20,38,source_once,3.4559044055640697,9,0
20,38,source_repeated,3.4559044055640697,9,0
20,38,endpoint_once,3.4559044055640697,9,0
20,38,endpoint_repeated,3.4559044055640697,9,0
20,39,route,5.2877160385251045,8,2
20,39,source_once,4.443085171282291,8,2
20,39,source_repeated,4.443085171282291,8,2
20,39,endpoint_once,5.028574250638485,8,2
20,39,endpoint_repeated,4.671662323176861,8,2
20,40,route,5.601743388921022,3,2
20,40,source_once,4.916157070547342,3,2
20,40,source_repeated,4.916157070547342,3,2
20,40,endpoint_once,5.592206966131926,3,2
20,40,endpoint_repeated,4.945016887038946,3,2
20,41,route,4.715432852506638,6,1
20,41,source_once,4.508965440094471,6,1
20,41,source_repeated,4.4922056794166565,6,1
20,41,endpoint_once,4.477451793849468,6,1
20,41,endpoint_repeated,4.477451793849468,6,1
20,42,route,3.7772378008812666,5,1
20,42,source_once,3.5829941611737013,5,1
20,42,source_repeated,3.5829941611737013,5,1
20,42,endpoint_once,3.7772378008812666,5,1
20,42,endpoint_repeated,3.5829941611737013,5,1
20,43,route,4.041065752506256,2,0
20,43,source_once,4.041065752506256,2,0
20,43,source_repeated,4.041065752506256,2,0
20,43,endpoint_once,4.041065752506256,2,0
20,43,endpoint_repeated,4.041065752506256,2,0
20,44,route,4.203064038418233,6,1
20,44,source_once,4.203064038418233,6,1
20,44,source_repeated,4.203064038418233,6,1
20,44,endpoint_once,4.203064038418233,6,1
20,44,endpoint_repeated,4.122596367262304,6,1
20,45,route,5.713344145566225,4,2
20,45,source_once,5.065337713807821,4,2
20,45,source_repeated,5.065337713807821,4,2
20,45,endpoint_once,5.48378935828805,4,2
20,45,endpoint_repeated,5.065337713807821,4,2
20,46,route,3.8308819252997637,7,0
20,46,source_once,3.8308819252997637,7,0
20,46,source_repeated,3.8308819252997637,7,0
20,46,endpoint_once,3.8308819252997637,7,0
20,46,endpoint_repeated,3.8308819252997637,7,0
20,47,route,4.130797661840916,3,0
20,47,source_once,4.130797661840916,3,0
20,47,source_repeated,4.130797661840916,3,0
20,47,endpoint_once,4.130797661840916,3,0
20,47,endpoint_repeated,4.130797661840916,3,0
20,48,route,3.9217847548425198,7,1
20,48,source_once,3.917038422077894,7,1
20,48,source_repeated,3.917038422077894,7,1
20,48,endpoint_once,3.9217847548425198,7,1
20,48,endpoint_repeated,3.917038422077894,7,1
20,49,route,4.075799569487572,7,0
20,49,source_once,4.075799569487572,7,0
20,49,source_repeated,4.075799569487572,7,0
20,49,endpoint_once,4.075799569487572,7,0
20,49,endpoint_repeated,4.075799569487572,7,0
20,50,route,3.307325791567564,5,0
20,50,source_once,3.307325791567564,5,0
20,50,source_repeated,3.307325791567564,5,0
20,50,endpoint_once,3.307325791567564,5,0
20,50,endpoint_repeated,3.307325791567564,5,0
20,51,route,4.23529402539134,3,0
20,51,source_once,4.23529402539134,3,0
20,51,source_repeated,4.23529402539134,3,0
20,51,endpoint_once,4.23529402539134,3,0
20,51,endpoint_repeated,4.23529402539134,3,0
20,52,route,6.2314894665032625,5,1
20,52,source_once,5.795776220038533,5,1
20,52,source_repeated,5.795776220038533,5,1
20,52,endpoint_once,6.000353457406163,5,1
20,52,endpoint_repeated,6.000353457406163,5,1
20,53,route,4.046246137470007,3,0
20,53,source_once,4.046246137470007,3,0
20,53,source_repeated,4.046246137470007,3,0
20,53,endpoint_once,4.046246137470007,3,0
20,53,endpoint_repeated,4.046246137470007,3,0
20,54,route,3.7643322944641113,5,0
20,54,source_once,3.7643322944641113,5,0
20,54,source_repeated,3.7643322944641113,5,0
20,54,endpoint_once,3.7643322944641113,5,0
20,54,endpoint_repeated,3.7643322944641113,5,0
20,55,route,4.283111896365881,4,0
20,55,source_once,4.283111896365881,4,0
20,55,source_repeated,4.283111896365881,4,0
20,55,endpoint_once,4.283111896365881,4,0
20,55,endpoint_repeated,4.283111896365881,4,0
20,56,route,3.559515221044421,6,1
20,56,source_once,3.5580917578190565,6,1
20,56,source_repeated,3.5580917578190565,6,1
20,56,endpoint_once,3.559515221044421,6,1
20,56,endpoint_repeated,3.5580917578190565,6,1
20,57,route,4.06171191483736,4,1
20,57,source_once,4.06171191483736,4,1
20,57,source_repeated,4.01335021853447,4,1
20,57,endpoint_once,4.06171191483736,4,1
20,57,endpoint_repeated,4.01335021853447,4,1
20,58,route,3.4020271971821785,7,0
20,58,source_once,3.4020271971821785,7,0
20,58,source_repeated,3.4020271971821785,7,0
20,58,endpoint_once,3.4020271971821785,7,0
20,58,endpoint_repeated,3.4020271971821785,7,0
20,59,route,3.3885018303990364,5,0
20,59,source_once,3.3885018303990364,5,0
20,59,source_repeated,3.3885018303990364,5,0
20,59,endpoint_once,3.3885018303990364,5,0
20,59,endpoint_repeated,3.3885018303990364,5,0
20,60,route,3.567180622369051,8,0
20,60,source_once,3.567180622369051,8,0
20,60,source_repeated,3.567180622369051,8,0
20,60,endpoint_once,3.567180622369051,8,0
20,60,endpoint_repeated,3.567180622369051,8,0
20,61,route,3.273337498307228,9,0
20,61,source_once,3.273337498307228,9,0
20,61,source_repeated,3.273337498307228,9,0
20,61,endpoint_once,3.273337498307228,9,0
20,61,endpoint_repeated,3.273337498307228,9,0
20,62,route,3.6648077964782715,5,0
20,62,source_once,3.6648077964782715,5,0
20,62,source_repeated,3.6648077964782715,5,0
20,62,endpoint_once,3.6648077964782715,5,0
20,62,endpoint_repeated,3.6648077964782715,5,0
20,63,route,3.586446635425091,4,0
20,63,source_once,3.586446635425091,4,0
20,63,source_repeated,3.586446635425091,4,0
20,63,endpoint_once,3.586446635425091,4,0
20,63,endpoint_repeated,3.586446635425091,4,0
50,0,route,6.218013963662088,6,1
50,0,source_once,6.218013963662088,6,1
50,0,source_repeated,6.218013963662088,6,1
50,0,endpoint_once,6.218013963662088,6,1
50,0,endpoint_repeated,6.217040351592004,6,1
50,1,route,5.769198086112738,6,0
50,1,source_once,5.769198086112738,6,0
50,1,source_repeated,5.769198086112738,6,0
50,1,endpoint_once,5.769198086112738,6,0
50,1,endpoint_repeated,5.769198086112738,6,0
50,2,route,5.896497569978237,8,0
50,2,source_once,5.896497569978237,8,0
50,2,source_repeated,5.896497569978237,8,0
50,2,endpoint_once,5.896497569978237,8,0
50,2,endpoint_repeated,5.896497569978237,8,0
50,3,route,6.036953939124942,8,0
50,3,source_once,6.036953939124942,8,0
50,3,source_repeated,6.036953939124942,8,0
50,3,endpoint_once,6.036953939124942,8,0
50,3,endpoint_repeated,6.036953939124942,8,0
50,4,route,5.863105313852429,4,0
50,4,source_once,5.863105313852429,4,0
50,4,source_repeated,5.863105313852429,4,0
50,4,endpoint_once,5.863105313852429,4,0
50,4,endpoint_repeated,5.863105313852429,4,0
50,5,route,5.75677365064621,3,0
50,5,source_once,5.75677365064621,3,0
50,5,source_repeated,5.75677365064621,3,0
50,5,endpoint_once,5.75677365064621,3,0
50,5,endpoint_repeated,5.75677365064621,3,0
50,6,route,5.96340949088335,5,0
50,6,source_once,5.96340949088335,5,0
50,6,source_repeated,5.96340949088335,5,0
50,6,endpoint_once,5.96340949088335,5,0
50,6,endpoint_repeated,5.96340949088335,5,0
50,7,route,6.0149647779762745,7,0
50,7,source_once,6.0149647779762745,7,0
50,7,source_repeated,6.0149647779762745,7,0
50,7,endpoint_once,6.0149647779762745,7,0
50,7,endpoint_repeated,6.0149647779762745,7,0
50,8,route,6.382774932309985,6,0
50,8,source_once,6.382774932309985,6,0
50,8,source_repeated,6.382774932309985,6,0
50,8,endpoint_once,6.382774932309985,6,0
50,8,endpoint_repeated,6.382774932309985,6,0
50,9,route,5.499591335654259,7,0
50,9,source_once,5.499591335654259,7,0
50,9,source_repeated,5.499591335654259,7,0
50,9,endpoint_once,5.499591335654259,7,0
50,9,endpoint_repeated,5.499591335654259,7,0
50,10,route,6.004923332482576,5,1
50,10,source_once,6.004923332482576,5,1
50,10,source_repeated,5.998185608536005,5,1
50,10,endpoint_once,6.004923332482576,5,1
50,10,endpoint_repeated,5.998185608536005,5,1
50,11,route,5.243185495957732,5,0
50,11,source_once,5.243185495957732,5,0
50,11,source_repeated,5.243185495957732,5,0
50,11,endpoint_once,5.243185495957732,5,0
50,11,endpoint_repeated,5.243185495957732,5,0
50,12,route,5.9166437070816755,6,0
50,12,source_once,5.9166437070816755,6,0
50,12,source_repeated,5.9166437070816755,6,0
50,12,endpoint_once,5.9166437070816755,6,0
50,12,endpoint_repeated,5.9166437070816755,6,0
50,13,route,6.649965059943497,1,1
50,13,source_once,6.2984298737719655,1,1
50,13,source_repeated,6.2984298737719655,1,1
50,13,endpoint_once,6.649965059943497,1,1
50,13,endpoint_repeated,6.330255565233529,1,1
50,14,route,5.3571185492910445,8,0
50,14,source_once,5.3571185492910445,8,0
50,14,source_repeated,5.3571185492910445,8,0
50,14,endpoint_once,5.3571185492910445,8,0
50,14,endpoint_repeated,5.3571185492910445,8,0
50,15,route,5.661749067250639,3,0
50,15,source_once,5.661749067250639,3,0
50,15,source_repeated,5.661749067250639,3,0
50,15,endpoint_once,5.661749067250639,3,0
50,15,endpoint_repeated,5.661749067250639,3,0
50,16,route,5.72804534714669,6,0
50,16,source_once,5.721105636097491,6,0
50,16,source_repeated,5.721105636097491,6,0
50,16,endpoint_once,5.72804534714669,6,0
50,16,endpoint_repeated,5.72804534714669,6,0
50,17,route,5.612938895821571,5,0
50,17,source_once,5.612938895821571,5,0
50,17,source_repeated,5.612938895821571,5,0
50,17,endpoint_once,5.612938895821571,5,0
50,17,endpoint_repeated,5.612938895821571,5,0
50,18,route,5.809258456341922,5,0
50,18,source_once,5.809258456341922,5,0
50,18,source_repeated,5.809258456341922,5,0
50,18,endpoint_once,5.809258456341922,5,0
50,18,endpoint_repeated,5.809258456341922,5,0
50,19,route,5.574154986999929,8,0
50,19,source_once,5.574154986999929,8,0
50,19,source_repeated,5.574154986999929,8,0
50,19,endpoint_once,5.574154986999929,8,0
50,19,endpoint_repeated,5.574154986999929,8,0
50,20,route,6.031202709302306,6,1
50,20,source_once,6.031202709302306,6,1
50,20,source_repeated,6.030801197513938,6,1
50,20,endpoint_once,6.031202709302306,6,1
50,20,endpoint_repeated,6.030801197513938,6,1
50,21,route,5.826739287003875,7,0
50,21,source_once,5.826739287003875,7,0
50,21,source_repeated,5.826739287003875,7,0
50,21,endpoint_once,5.826739287003875,7,0
50,21,endpoint_repeated,5.826739287003875,7,0
50,22,route,5.774594833143055,7,0
50,22,source_once,5.774594833143055,7,0
50,22,source_repeated,5.774594833143055,7,0
50,22,endpoint_once,5.774594833143055,7,0
50,22,endpoint_repeated,5.774594833143055,7,0
50,23,route,5.82524333987385,6,1
50,23,source_once,5.817626387812197,6,1
50,23,source_repeated,5.817626387812197,6,1
50,23,endpoint_once,5.82524333987385,6,1
50,23,endpoint_repeated,5.817626387812197,6,1
50,24,route,5.784197822213173,8,0
50,24,source_once,5.784197822213173,8,0
50,24,source_repeated,5.784197822213173,8,0
50,24,endpoint_once,5.784197822213173,8,0
50,24,endpoint_repeated,5.784197822213173,8,0
50,25,route,5.834139631129801,7,0
50,25,source_once,5.834139631129801,7,0
50,25,source_repeated,5.834139631129801,7,0
50,25,endpoint_once,5.834139631129801,7,0
50,25,endpoint_repeated,5.834139631129801,7,0
50,26,route,5.7155350018292665,2,0
50,26,source_once,5.7155350018292665,2,0
50,26,source_repeated,5.7155350018292665,2,0
50,26,endpoint_once,5.7155350018292665,2,0
50,26,endpoint_repeated,5.7155350018292665,2,0
50,27,route,6.176470227073878,6,0
50,27,source_once,6.176470227073878,6,0
50,27,source_repeated,6.176470227073878,6,0
50,27,endpoint_once,6.176470227073878,6,0
50,27,endpoint_repeated,6.176470227073878,6,0
50,28,route,5.461533470079303,7,0
50,28,source_once,5.461533470079303,7,0
50,28,source_repeated,5.461533470079303,7,0
50,28,endpoint_once,5.461533470079303,7,0
50,28,endpoint_repeated,5.461533470079303,7,0
50,29,route,5.734705666080117,1,0
50,29,source_once,5.734705666080117,1,0
50,29,source_repeated,5.734705666080117,1,0
50,29,endpoint_once,5.734705666080117,1,0
50,29,endpoint_repeated,5.734705666080117,1,0
50,30,route,5.5898366421461105,7,0
50,30,source_once,5.5898366421461105,7,0
50,30,source_repeated,5.5898366421461105,7,0
50,30,endpoint_once,5.5898366421461105,7,0
50,30,endpoint_repeated,5.5898366421461105,7,0
50,31,route,5.905414903536439,8,0
50,31,source_once,5.905414903536439,8,0
50,31,source_repeated,5.905414903536439,8,0
50,31,endpoint_once,5.905414903536439,8,0
50,31,endpoint_repeated,5.905414903536439,8,0
50,32,route,5.810895658098161,9,0
50,32,source_once,5.810895658098161,9,0
50,32,source_repeated,5.810895658098161,9,0
50,32,endpoint_once,5.810895658098161,9,0
50,32,endpoint_repeated,5.810895658098161,9,0
50,33,route,5.37824347242713,8,0
50,33,source_once,5.37824347242713,8,0
50,33,source_repeated,5.37824347242713,8,0
50,33,endpoint_once,5.37824347242713,8,0
50,33,endpoint_repeated,5.37824347242713,8,0
50,34,route,5.457529344595969,4,1
50,34,source_once,5.457529344595969,4,1
50,34,source_repeated,5.457529344595969,4,1
50,34,endpoint_once,5.457529344595969,4,1
50,34,endpoint_repeated,5.397763759829104,4,1
50,35,route,5.387000642716885,4,0
50,35,source_once,5.387000642716885,4,0
50,35,source_repeated,5.387000642716885,4,0
50,35,endpoint_once,5.387000642716885,4,0
50,35,endpoint_repeated,5.387000642716885,4,0
50,36,route,5.748261762084439,5,1
50,36,source_once,5.7446819704491645,5,1
50,36,source_repeated,5.7446819704491645,5,1
50,36,endpoint_once,5.748261762084439,5,1
50,36,endpoint_repeated,5.7446819704491645,5,1
50,37,route,6.114642764441669,4,0
50,37,source_once,6.114642764441669,4,0
50,37,source_repeated,6.114642764441669,4,0
50,37,endpoint_once,6.114642764441669,4,0
50,37,endpoint_repeated,6.114642764441669,4,0
50,38,route,6.733539879322052,2,2
50,38,source_once,6.613341599702835,2,2
50,38,source_repeated,6.613341599702835,2,2
50,38,endpoint_once,6.733539879322052,2,2
50,38,endpoint_repeated,6.613341599702835,2,2
50,39,route,6.087646756321192,6,1
50,39,source_once,6.087646756321192,6,1
50,39,source_repeated,6.087646756321192,6,1
50,39,endpoint_once,6.087646756321192,6,1
50,39,endpoint_repeated,6.0848136730492115,6,1
50,40,route,5.195702380500734,8,0
50,40,source_once,5.195702380500734,8,0
50,40,source_repeated,5.195702380500734,8,0
50,40,endpoint_once,5.195702380500734,8,0
50,40,endpoint_repeated,5.195702380500734,8,0
50,41,route,5.640559729188681,5,0
50,41,source_once,5.640559729188681,5,0
50,41,source_repeated,5.640559729188681,5,0
50,41,endpoint_once,5.640559729188681,5,0
50,41,endpoint_repeated,5.640559729188681,5,0
50,42,route,5.73052117601037,8,0
50,42,source_once,5.73052117601037,8,0
50,42,source_repeated,5.73052117601037,8,0
50,42,endpoint_once,5.73052117601037,8,0
50,42,endpoint_repeated,5.73052117601037,8,0
50,43,route,5.932339335791767,6,0
50,43,source_once,5.932339335791767,6,0
50,43,source_repeated,5.932339335791767,6,0
50,43,endpoint_once,5.932339335791767,6,0
50,43,endpoint_repeated,5.932339335791767,6,0
50,44,route,5.583729267120361,4,0
50,44,source_once,5.583729267120361,4,0
50,44,source_repeated,5.583729267120361,4,0
50,44,endpoint_once,5.583729267120361,4,0
50,44,endpoint_repeated,5.583729267120361,4,0
50,45,route,5.355063496157527,4,0
50,45,source_once,5.355063496157527,4,0
50,45,source_repeated,5.355063496157527,4,0
50,45,endpoint_once,5.355063496157527,4,0
50,45,endpoint_repeated,5.355063496157527,4,0
50,46,route,5.8917385675013065,8,1
50,46,source_once,5.886077705770731,8,1
50,46,source_repeated,5.886077705770731,8,1
50,46,endpoint_once,5.8917385675013065,8,1
50,46,endpoint_repeated,5.886077705770731,8,1
50,47,route,5.881703958380967,8,0
50,47,source_once,5.881703958380967,8,0
50,47,source_repeated,5.881703958380967,8,0
50,47,endpoint_once,5.881703958380967,8,0
50,47,endpoint_repeated,5.881703958380967,8,0
50,48,route,5.353073672391474,4,0
50,48,source_once,5.353073672391474,4,0
50,48,source_repeated,5.353073672391474,4,0
50,48,endpoint_once,5.353073672391474,4,0
50,48,endpoint_repeated,5.353073672391474,4,0
50,49,route,5.74036343768239,6,0
50,49,source_once,5.74036343768239,6,0
50,49,source_repeated,5.74036343768239,6,0
50,49,endpoint_once,5.74036343768239,6,0
50,49,endpoint_repeated,5.74036343768239,6,0
50,50,route,5.516734378412366,6,0
50,50,source_once,5.516734378412366,6,0
50,50,source_repeated,5.516734378412366,6,0
50,50,endpoint_once,5.516734378412366,6,0
50,50,endpoint_repeated,5.516734378412366,6,0
50,51,route,5.880047395825386,4,0
50,51,source_once,5.880047395825386,4,0
50,51,source_repeated,5.880047395825386,4,0
50,51,endpoint_once,5.880047395825386,4,0
50,51,endpoint_repeated,5.880047395825386,4,0
50,52,route,5.7636953080073,6,0
50,52,source_once,5.7636953080073,6,0
50,52,source_repeated,5.7636953080073,6,0
50,52,endpoint_once,5.7636953080073,6,0
50,52,endpoint_repeated,5.7636953080073,6,0
50,53,route,5.8019939246587455,7,1
50,53,source_once,5.8019939246587455,7,1
50,53,source_repeated,5.8019939246587455,7,1
50,53,endpoint_once,5.8019939246587455,7,1
50,53,endpoint_repeated,5.787575158756226,7,1
50,54,route,6.043575416319072,6,0
50,54,source_once,6.043575416319072,6,0
50,54,source_repeated,6.043575416319072,6,0
50,54,endpoint_once,6.043575416319072,6,0
50,54,endpoint_repeated,6.043575416319072,6,0
50,55,route,5.944425887428224,2,1
50,55,source_once,5.944425887428224,2,1
50,55,source_repeated,5.907007775269449,2,1
50,55,endpoint_once,5.944425887428224,2,1
50,55,endpoint_repeated,5.942145257256925,2,1
50,56,route,6.000479305163026,5,1
50,56,source_once,5.999150304123759,5,1
50,56,source_repeated,5.999150304123759,5,1
50,56,endpoint_once,6.000479305163026,5,1
50,56,endpoint_repeated,5.999150304123759,5,1
50,57,route,6.076591711491346,5,0
50,57,source_once,6.076591711491346,5,0
50,57,source_repeated,6.076591711491346,5,0
50,57,endpoint_once,6.076591711491346,5,0
50,57,endpoint_repeated,6.076591711491346,5,0
50,58,route,5.782022589817643,5,2
50,58,source_once,5.782022589817643,5,2
50,58,source_repeated,5.782022589817643,5,2
50,58,endpoint_once,5.782022589817643,5,2
50,58,endpoint_repeated,5.629068927839398,5,2
50,59,route,5.698915733024478,6,0
50,59,source_once,5.698915733024478,6,0
50,59,source_repeated,5.698915733024478,6,0
50,59,endpoint_once,5.698915733024478,6,0
50,59,endpoint_repeated,5.698915733024478,6,0
50,60,route,5.5171114932745695,5,0
50,60,source_once,5.5171114932745695,5,0
50,60,source_repeated,5.5171114932745695,5,0
50,60,endpoint_once,5.5171114932745695,5,0
50,60,endpoint_repeated,5.5171114932745695,5,0
50,61,route,6.226005341857672,5,0
50,61,source_once,6.226005341857672,5,0
50,61,source_repeated,6.226005341857672,5,0
50,61,endpoint_once,6.226005341857672,5,0
50,61,endpoint_repeated,6.226005341857672,5,0
50,62,route,5.895721973851323,3,0
50,62,source_once,5.895721973851323,3,0
50,62,source_repeated,5.895721973851323,3,0
50,62,endpoint_once,5.895721973851323,3,0
50,62,endpoint_repeated,5.895721973851323,3,0
50,63,route,5.859236846677959,5,2
50,63,source_once,5.82452308665961,5,2
50,63,source_repeated,5.8213931722566485,5,2
50,63,endpoint_once,5.859236846677959,5,2
50,63,endpoint_repeated,5.8213931722566485,5,2
