instance,stage,method,cost
0,4,route,6.218013963662088
0,4,source_once,6.217040351592004
0,4,endpoint_once,6.217040351592004
0,6,route,6.218013963662088
0,6,source_once,6.218013963662088
0,6,endpoint_once,6.218013963662088
0,8,route,6.218013963662088
0,8,source_once,6.218013963662088
0,8,endpoint_once,6.218013963662088
0,10,route,6.218013963662088
0,10,source_once,6.218013963662088
0,10,endpoint_once,6.218013963662088
0,15,route,6.218013963662088
0,15,source_once,6.217040351592004
0,15,endpoint_once,6.218013963662088
0,20,route,6.218013963662088
0,20,source_once,6.217040351592004
0,20,endpoint_once,6.218013963662088
0,30,route,6.218013963662088
0,30,source_once,6.19435693975538
0,30,endpoint_once,6.218013963662088
1,4,route,5.769198086112738
1,4,source_once,5.769198086112738
1,4,endpoint_once,5.769198086112738
1,6,route,5.769198086112738
1,6,source_once,5.769198086112738
1,6,endpoint_once,5.769198086112738
1,8,route,5.769198086112738
1,8,source_once,5.769198086112738
1,8,endpoint_once,5.769198086112738
1,10,route,5.769198086112738
1,10,source_once,5.769198086112738
1,10,endpoint_once,5.769198086112738
1,15,route,5.769198086112738
1,15,source_once,5.769198086112738
1,15,endpoint_once,5.769198086112738
1,20,route,5.769198086112738
1,20,source_once,5.769198086112738
1,20,endpoint_once,5.769198086112738
1,30,route,5.769198086112738
1,30,source_once,5.7091699205338955
1,30,endpoint_once,5.769198086112738
2,4,route,5.896497569978237
2,4,source_once,5.896497569978237
2,4,endpoint_once,5.896497569978237
2,6,route,5.896497569978237
2,6,source_once,5.896497569978237
2,6,endpoint_once,5.896497569978237
2,8,route,5.896497569978237
2,8,source_once,5.896497569978237
2,8,endpoint_once,5.896497569978237
2,10,route,5.896497569978237
2,10,source_once,5.896497569978237
2,10,endpoint_once,5.896497569978237
2,15,route,5.896497569978237
2,15,source_once,5.896497569978237
2,15,endpoint_once,5.896497569978237
2,20,route,5.896497569978237
2,20,source_once,5.896497569978237
2,20,endpoint_once,5.896497569978237
2,30,route,5.896497569978237
2,30,source_once,5.896497569978237
2,30,endpoint_once,5.896497569978237
3,4,route,6.036953939124942
3,4,source_once,6.036953939124942
3,4,endpoint_once,6.036953939124942
3,6,route,6.036953939124942
3,6,source_once,6.036953939124942
3,6,endpoint_once,6.036953939124942
3,8,route,6.036953939124942
3,8,source_once,6.036953939124942
3,8,endpoint_once,6.036953939124942
3,10,route,6.036953939124942
3,10,source_once,6.036953939124942
3,10,endpoint_once,6.036953939124942
3,15,route,6.036953939124942
3,15,source_once,6.036953939124942
3,15,endpoint_once,6.036953939124942
3,20,route,6.036953939124942
3,20,source_once,6.001169553026557
3,20,endpoint_once,6.036953939124942
3,30,route,6.036953939124942
3,30,source_once,6.001169553026557
3,30,endpoint_once,6.036953939124942
4,4,route,5.863105313852429
4,4,source_once,5.863105313852429
4,4,endpoint_once,5.863105313852429
4,6,route,5.863105313852429
4,6,source_once,5.863105313852429
4,6,endpoint_once,5.863105313852429
4,8,route,5.863105313852429
4,8,source_once,5.863105313852429
4,8,endpoint_once,5.863105313852429
4,10,route,5.863105313852429
4,10,source_once,5.863105313852429
4,10,endpoint_once,5.863105313852429
4,15,route,5.863105313852429
4,15,source_once,5.863105313852429
4,15,endpoint_once,5.863105313852429
4,20,route,5.863105313852429
4,20,source_once,5.863105313852429
4,20,endpoint_once,5.863105313852429
4,30,route,5.863105313852429
4,30,source_once,5.831987189128995
4,30,endpoint_once,5.863105313852429
5,4,route,5.75677365064621
5,4,source_once,5.75677365064621
5,4,endpoint_once,5.75677365064621
5,6,route,5.75677365064621
5,6,source_once,5.75677365064621
5,6,endpoint_once,5.75677365064621
5,8,route,5.75677365064621
5,8,source_once,5.75677365064621
5,8,endpoint_once,5.75677365064621
5,10,route,5.75677365064621
5,10,source_once,5.75677365064621
5,10,endpoint_once,5.75677365064621
5,15,route,5.75677365064621
5,15,source_once,5.75677365064621
5,15,endpoint_once,5.75677365064621
5,20,route,5.75677365064621
5,20,source_once,5.75677365064621
5,20,endpoint_once,5.75677365064621
5,30,route,5.75677365064621
5,30,source_once,5.737749055027962
5,30,endpoint_once,5.735452614724636
6,4,route,5.96340949088335
6,4,source_once,5.96340949088335
6,4,endpoint_once,5.96340949088335
6,6,route,5.96340949088335
6,6,source_once,5.96340949088335
6,6,endpoint_once,5.96340949088335
6,8,route,5.96340949088335
6,8,source_once,5.96340949088335
6,8,endpoint_once,5.96340949088335
6,10,route,5.96340949088335
6,10,source_once,5.96340949088335
6,10,endpoint_once,5.96340949088335
6,15,route,5.96340949088335
6,15,source_once,5.96340949088335
6,15,endpoint_once,5.96340949088335
6,20,route,5.96340949088335
6,20,source_once,5.96340949088335
6,20,endpoint_once,5.96340949088335
6,30,route,5.96340949088335
6,30,source_once,5.96340949088335
6,30,endpoint_once,5.96340949088335
7,4,route,6.0149647779762745
7,4,source_once,6.0149647779762745
7,4,endpoint_once,6.0149647779762745
7,6,route,6.0149647779762745
7,6,source_once,6.0149647779762745
7,6,endpoint_once,6.0149647779762745
7,8,route,6.0149647779762745
7,8,source_once,6.0149647779762745
7,8,endpoint_once,6.0149647779762745
7,10,route,6.0149647779762745
7,10,source_once,6.0149647779762745
7,10,endpoint_once,6.0149647779762745
7,15,route,6.0149647779762745
7,15,source_once,6.0149647779762745
7,15,endpoint_once,6.0149647779762745
7,20,route,6.0149647779762745
7,20,source_once,6.0149647779762745
7,20,endpoint_once,6.0149647779762745
7,30,route,6.0149647779762745
7,30,source_once,6.0149647779762745
7,30,endpoint_once,6.0149647779762745
8,4,route,6.382774932309985
8,4,source_once,6.382774932309985
8,4,endpoint_once,6.382774932309985
8,6,route,6.382774932309985
8,6,source_once,6.382774932309985
8,6,endpoint_once,6.382774932309985
8,8,route,6.382774932309985
8,8,source_once,6.382774932309985
8,8,endpoint_once,6.382774932309985
8,10,route,6.382774932309985
8,10,source_once,6.382774932309985
8,10,endpoint_once,6.382774932309985
8,15,route,6.382774932309985
8,15,source_once,6.382774932309985
8,15,endpoint_once,6.382774932309985
8,20,route,6.382774932309985
8,20,source_once,6.24208421818912
8,20,endpoint_once,6.382774932309985
8,30,route,6.382774932309985
8,30,source_once,6.172042844817042
8,30,endpoint_once,6.382774932309985
9,4,route,5.499591335654259
9,4,source_once,5.499591335654259
9,4,endpoint_once,5.499591335654259
9,6,route,5.499591335654259
9,6,source_once,5.499591335654259
9,6,endpoint_once,5.499591335654259
9,8,route,5.499591335654259
9,8,source_once,5.499591335654259
9,8,endpoint_once,5.499591335654259
9,10,route,5.499591335654259
9,10,source_once,5.499591335654259
9,10,endpoint_once,5.499591335654259
9,15,route,5.499591335654259
9,15,source_once,5.497685335576534
9,15,endpoint_once,5.499591335654259
9,20,route,5.499591335654259
9,20,source_once,5.499591335654259
9,20,endpoint_once,5.499591335654259
9,30,route,5.499591335654259
9,30,source_once,5.497685335576534
9,30,endpoint_once,5.499591335654259
10,4,route,6.004923332482576
10,4,source_once,6.004923332482576
10,4,endpoint_once,6.004923332482576
10,6,route,6.004923332482576
10,6,source_once,6.004923332482576
10,6,endpoint_once,6.004923332482576
10,8,route,6.004923332482576
10,8,source_once,6.004923332482576
10,8,endpoint_once,6.004923332482576
10,10,route,6.004923332482576
10,10,source_once,6.004923332482576
10,10,endpoint_once,6.004923332482576
10,15,route,6.004923332482576
10,15,source_once,6.004923332482576
10,15,endpoint_once,6.004923332482576
10,20,route,6.004923332482576
10,20,source_once,5.764488812536001
10,20,endpoint_once,5.931088861078024
10,30,route,6.004923332482576
10,30,source_once,5.761465262621641
10,30,endpoint_once,6.004923332482576
11,4,route,5.243185495957732
11,4,source_once,5.243185495957732
11,4,endpoint_once,5.243185495957732
11,6,route,5.243185495957732
11,6,source_once,5.243185495957732
11,6,endpoint_once,5.243185495957732
11,8,route,5.243185495957732
11,8,source_once,5.243185495957732
11,8,endpoint_once,5.243185495957732
11,10,route,5.243185495957732
11,10,source_once,5.243185495957732
11,10,endpoint_once,5.243185495957732
11,15,route,5.243185495957732
11,15,source_once,5.243185495957732
11,15,endpoint_once,5.243185495957732
11,20,route,5.243185495957732
11,20,source_once,5.201866580173373
11,20,endpoint_once,5.201866580173373
11,30,route,5.243185495957732
11,30,source_once,5.201866580173373
11,30,endpoint_once,5.243185495957732
12,4,route,5.9166437070816755
12,4,source_once,5.9166437070816755
12,4,endpoint_once,5.9166437070816755
12,6,route,5.9166437070816755
12,6,source_once,5.9166437070816755
12,6,endpoint_once,5.9166437070816755
12,8,route,5.9166437070816755
12,8,source_once,5.9166437070816755
12,8,endpoint_once,5.9166437070816755
12,10,route,5.9166437070816755
12,10,source_once,5.9166437070816755
12,10,endpoint_once,5.9166437070816755
12,15,route,5.9166437070816755
12,15,source_once,5.9166437070816755
12,15,endpoint_once,5.9166437070816755
12,20,route,5.9166437070816755
12,20,source_once,5.9166437070816755
12,20,endpoint_once,5.9166437070816755
12,30,route,5.9166437070816755
12,30,source_once,5.857378544285893
12,30,endpoint_once,5.9166437070816755
13,4,route,6.649965059943497
13,4,source_once,6.461930145509541
13,4,endpoint_once,6.461930145509541
13,6,route,6.649965059943497
13,6,source_once,6.2984298737719655
13,6,endpoint_once,6.345412311144173
13,8,route,6.649965059943497
13,8,source_once,6.2984298737719655
13,8,endpoint_once,6.649965059943497
13,10,route,6.649965059943497
13,10,source_once,6.2984298737719655
13,10,endpoint_once,6.649965059943497
13,15,route,6.649965059943497
13,15,source_once,5.828325410373509
13,15,endpoint_once,5.828325410373509
13,20,route,6.649965059943497
13,20,source_once,5.638742101378739
13,20,endpoint_once,5.66303635109216
13,30,route,6.649965059943497
13,30,source_once,5.638742101378739
13,30,endpoint_once,6.112282549031079
14,4,route,5.3571185492910445
14,4,source_once,5.3571185492910445
14,4,endpoint_once,5.3571185492910445
14,6,route,5.3571185492910445
14,6,source_once,5.3571185492910445
14,6,endpoint_once,5.3571185492910445
14,8,route,5.3571185492910445
14,8,source_once,5.3571185492910445
14,8,endpoint_once,5.3571185492910445
14,10,route,5.3571185492910445
14,10,source_once,5.3571185492910445
14,10,endpoint_once,5.3571185492910445
14,15,route,5.3571185492910445
14,15,source_once,5.3571185492910445
14,15,endpoint_once,5.3571185492910445
14,20,route,5.3571185492910445
14,20,source_once,5.3571185492910445
14,20,endpoint_once,5.3571185492910445
14,30,route,5.3571185492910445
14,30,source_once,5.3571185492910445
14,30,endpoint_once,5.3571185492910445
15,4,route,5.661749067250639
15,4,source_once,5.661749067250639
15,4,endpoint_once,5.661749067250639
15,6,route,5.661749067250639
15,6,source_once,5.661749067250639
15,6,endpoint_once,5.661749067250639
15,8,route,5.661749067250639
15,8,source_once,5.661749067250639
15,8,endpoint_once,5.661749067250639
15,10,route,5.661749067250639
15,10,source_once,5.661749067250639
15,10,endpoint_once,5.661749067250639
15,15,route,5.661749067250639
15,15,source_once,5.661749067250639
15,15,endpoint_once,5.661749067250639
15,20,route,5.661749067250639
15,20,source_once,5.661749067250639
15,20,endpoint_once,5.661749067250639
15,30,route,5.661749067250639
15,30,source_once,5.607274169567972
15,30,endpoint_once,5.661749067250639
16,4,route,5.72804534714669
16,4,source_once,5.72804534714669
16,4,endpoint_once,5.72804534714669
16,6,route,5.72804534714669
16,6,source_once,5.72804534714669
16,6,endpoint_once,5.72804534714669
16,8,route,5.72804534714669
16,8,source_once,5.72804534714669
16,8,endpoint_once,5.72804534714669
16,10,route,5.72804534714669
16,10,source_once,5.721105636097491
16,10,endpoint_once,5.72804534714669
16,15,route,5.72804534714669
16,15,source_once,5.724455843679607
16,15,endpoint_once,5.72804534714669
16,20,route,5.72804534714669
16,20,source_once,5.717930753715336
16,20,endpoint_once,5.716704453341663
16,30,route,5.72804534714669
16,30,source_once,5.716704453341663
16,30,endpoint_once,5.72804534714669
17,4,route,5.612938895821571
17,4,source_once,5.612938895821571
17,4,endpoint_once,5.612938895821571
17,6,route,5.612938895821571
17,6,source_once,5.612938895821571
17,6,endpoint_once,5.612938895821571
17,8,route,5.612938895821571
17,8,source_once,5.612938895821571
17,8,endpoint_once,5.612938895821571
17,10,route,5.612938895821571
17,10,source_once,5.612938895821571
17,10,endpoint_once,5.612938895821571
17,15,route,5.612938895821571
17,15,source_once,5.612938895821571
17,15,endpoint_once,5.612938895821571
17,20,route,5.612938895821571
17,20,source_once,5.612938895821571
17,20,endpoint_once,5.612938895821571
17,30,route,5.612938895821571
17,30,source_once,5.612938895821571
17,30,endpoint_once,5.612938895821571
18,4,route,5.809258456341922
18,4,source_once,5.809258456341922
18,4,endpoint_once,5.809258456341922
18,6,route,5.809258456341922
18,6,source_once,5.809258456341922
18,6,endpoint_once,5.809258456341922
18,8,route,5.809258456341922
18,8,source_once,5.809258456341922
18,8,endpoint_once,5.809258456341922
18,10,route,5.809258456341922
18,10,source_once,5.809258456341922
18,10,endpoint_once,5.809258456341922
18,15,route,5.809258456341922
18,15,source_once,5.809258456341922
18,15,endpoint_once,5.809258456341922
18,20,route,5.809258456341922
18,20,source_once,5.809258456341922
18,20,endpoint_once,5.809258456341922
18,30,route,5.809258456341922
18,30,source_once,5.809258456341922
18,30,endpoint_once,5.809258456341922
19,4,route,5.574154986999929
19,4,source_once,5.574154986999929
19,4,endpoint_once,5.574154986999929
19,6,route,5.574154986999929
19,6,source_once,5.574154986999929
19,6,endpoint_once,5.574154986999929
19,8,route,5.574154986999929
19,8,source_once,5.574154986999929
19,8,endpoint_once,5.574154986999929
19,10,route,5.574154986999929
19,10,source_once,5.574154986999929
19,10,endpoint_once,5.574154986999929
19,15,route,5.574154986999929
19,15,source_once,5.574154986999929
19,15,endpoint_once,5.574154986999929
19,20,route,5.574154986999929
19,20,source_once,5.574154986999929
19,20,endpoint_once,5.565343379043043
19,30,route,5.574154986999929
19,30,source_once,5.458759038709104
19,30,endpoint_once,5.574154986999929
20,4,route,6.031202709302306
20,4,source_once,6.030801197513938
20,4,endpoint_once,6.030801197513938
20,6,route,6.031202709302306
20,6,source_once,6.031202709302306
20,6,endpoint_once,6.031202709302306
20,8,route,6.031202709302306
20,8,source_once,6.031202709302306
20,8,endpoint_once,6.031202709302306
20,10,route,6.031202709302306
20,10,source_once,6.031202709302306
20,10,endpoint_once,6.031202709302306
20,15,route,6.031202709302306
20,15,source_once,6.030801197513938
20,15,endpoint_once,6.031202709302306
20,20,route,6.031202709302306
20,20,source_once,6.029847988858819
20,20,endpoint_once,6.031202709302306
20,30,route,6.031202709302306
20,30,source_once,6.004732729867101
20,30,endpoint_once,6.031202709302306
21,4,route,5.826739287003875
21,4,source_once,5.826739287003875
21,4,endpoint_once,5.826739287003875
21,6,route,5.826739287003875
21,6,source_once,5.826739287003875
21,6,endpoint_once,5.826739287003875
21,8,route,5.826739287003875
21,8,source_once,5.826739287003875
21,8,endpoint_once,5.826739287003875
21,10,route,5.826739287003875
21,10,source_once,5.826739287003875
21,10,endpoint_once,5.826739287003875
21,15,route,5.826739287003875
21,15,source_once,5.826739287003875
21,15,endpoint_once,5.826739287003875
21,20,route,5.826739287003875
21,20,source_once,5.826739287003875
21,20,endpoint_once,5.826739287003875
21,30,route,5.826739287003875
21,30,source_once,5.826739287003875
21,30,endpoint_once,5.826739287003875
22,4,route,5.774594833143055
22,4,source_once,5.774594833143055
22,4,endpoint_once,5.774594833143055
22,6,route,5.774594833143055
22,6,source_once,5.774594833143055
22,6,endpoint_once,5.774594833143055
22,8,route,5.774594833143055
22,8,source_once,5.774594833143055
22,8,endpoint_once,5.774594833143055
22,10,route,5.774594833143055
22,10,source_once,5.774594833143055
22,10,endpoint_once,5.774594833143055
22,15,route,5.774594833143055
22,15,source_once,5.774594833143055
22,15,endpoint_once,5.774594833143055
22,20,route,5.774594833143055
22,20,source_once,5.774594833143055
22,20,endpoint_once,5.774594833143055
22,30,route,5.774594833143055
22,30,source_once,5.774594833143055
22,30,endpoint_once,5.774594833143055
23,4,route,5.82524333987385
23,4,source_once,5.82524333987385
23,4,endpoint_once,5.82524333987385
23,6,route,5.82524333987385
23,6,source_once,5.82524333987385
23,6,endpoint_once,5.82524333987385
23,8,route,5.82524333987385
23,8,source_once,5.817626387812197
23,8,endpoint_once,5.817626387812197
23,10,route,5.82524333987385
23,10,source_once,5.817626387812197
23,10,endpoint_once,5.82524333987385
23,15,route,5.82524333987385
23,15,source_once,5.817626387812197
23,15,endpoint_once,5.82524333987385
23,20,route,5.82524333987385
23,20,source_once,5.817626387812197
23,20,endpoint_once,5.82524333987385
23,30,route,5.82524333987385
23,30,source_once,5.817626387812197
23,30,endpoint_once,5.82524333987385
24,4,route,5.784197822213173
24,4,source_once,5.784197822213173
24,4,endpoint_once,5.784197822213173
24,6,route,5.784197822213173
24,6,source_once,5.784197822213173
24,6,endpoint_once,5.784197822213173
24,8,route,5.784197822213173
24,8,source_once,5.784197822213173
24,8,endpoint_once,5.784197822213173
24,10,route,5.784197822213173
24,10,source_once,5.784197822213173
24,10,endpoint_once,5.784197822213173
24,15,route,5.784197822213173
24,15,source_once,5.784197822213173
24,15,endpoint_once,5.784197822213173
24,20,route,5.784197822213173
24,20,source_once,5.784197822213173
24,20,endpoint_once,5.784197822213173
24,30,route,5.784197822213173
24,30,source_once,5.784197822213173
24,30,endpoint_once,5.784197822213173
25,4,route,5.834139631129801
25,4,source_once,5.834139631129801
25,4,endpoint_once,5.834139631129801
25,6,route,5.834139631129801
25,6,source_once,5.834139631129801
25,6,endpoint_once,5.834139631129801
25,8,route,5.834139631129801
25,8,source_once,5.834139631129801
25,8,endpoint_once,5.834139631129801
25,10,route,5.834139631129801
25,10,source_once,5.834139631129801
25,10,endpoint_once,5.834139631129801
25,15,route,5.834139631129801
25,15,source_once,5.834139631129801
25,15,endpoint_once,5.834139631129801
25,20,route,5.834139631129801
25,20,source_once,5.834139631129801
25,20,endpoint_once,5.834139631129801
25,30,route,5.834139631129801
25,30,source_once,5.834139631129801
25,30,endpoint_once,5.834139631129801
26,4,route,5.7155350018292665
26,4,source_once,5.7155350018292665
26,4,endpoint_once,5.7155350018292665
26,6,route,5.7155350018292665
26,6,source_once,5.7155350018292665
26,6,endpoint_once,5.7155350018292665
26,8,route,5.7155350018292665
26,8,source_once,5.7155350018292665
26,8,endpoint_once,5.7155350018292665
26,10,route,5.7155350018292665
26,10,source_once,5.7155350018292665
26,10,endpoint_once,5.7155350018292665
26,15,route,5.7155350018292665
26,15,source_once,5.7155350018292665
26,15,endpoint_once,5.7155350018292665
26,20,route,5.7155350018292665
26,20,source_once,5.7155350018292665
26,20,endpoint_once,5.7155350018292665
26,30,route,5.7155350018292665
26,30,source_once,5.7155350018292665
26,30,endpoint_once,5.7155350018292665
27,4,route,6.176470227073878
27,4,source_once,6.176470227073878
27,4,endpoint_once,6.176470227073878
27,6,route,6.176470227073878
27,6,source_once,6.176470227073878
27,6,endpoint_once,6.176470227073878
27,8,route,6.176470227073878
27,8,source_once,6.176470227073878
27,8,endpoint_once,6.176470227073878
27,10,route,6.176470227073878
27,10,source_once,6.176470227073878
27,10,endpoint_once,6.176470227073878
27,15,route,6.176470227073878
27,15,source_once,6.176470227073878
27,15,endpoint_once,6.176470227073878
27,20,route,6.176470227073878
27,20,source_once,6.176470227073878
27,20,endpoint_once,6.176470227073878
27,30,route,6.176470227073878
27,30,source_once,6.176470227073878
27,30,endpoint_once,6.176470227073878
28,4,route,5.461533470079303
28,4,source_once,5.461533470079303
28,4,endpoint_once,5.461533470079303
28,6,route,5.461533470079303
28,6,source_once,5.461533470079303
28,6,endpoint_once,5.461533470079303
28,8,route,5.461533470079303
28,8,source_once,5.461533470079303
28,8,endpoint_once,5.461533470079303
28,10,route,5.461533470079303
28,10,source_once,5.461533470079303
28,10,endpoint_once,5.461533470079303
28,15,route,5.461533470079303
28,15,source_once,5.461533470079303
28,15,endpoint_once,5.461533470079303
28,20,route,5.461533470079303
28,20,source_once,5.461533470079303
28,20,endpoint_once,5.461533470079303
28,30,route,5.461533470079303
28,30,source_once,5.461533470079303
28,30,endpoint_once,5.461533470079303
29,4,route,5.734705666080117
29,4,source_once,5.734705666080117
29,4,endpoint_once,5.734705666080117
29,6,route,5.734705666080117
29,6,source_once,5.734705666080117
29,6,endpoint_once,5.734705666080117
29,8,route,5.734705666080117
29,8,source_once,5.734705666080117
29,8,endpoint_once,5.734705666080117
29,10,route,5.734705666080117
29,10,source_once,5.734705666080117
29,10,endpoint_once,5.734705666080117
29,15,route,5.734705666080117
29,15,source_once,5.734705666080117
29,15,endpoint_once,5.734705666080117
29,20,route,5.734705666080117
29,20,source_once,5.734705666080117
29,20,endpoint_once,5.734705666080117
29,30,route,5.734705666080117
29,30,source_once,5.734705666080117
29,30,endpoint_once,5.734705666080117
30,4,route,5.5898366421461105
30,4,source_once,5.5898366421461105
30,4,endpoint_once,5.5898366421461105
30,6,route,5.5898366421461105
30,6,source_once,5.5898366421461105
30,6,endpoint_once,5.5898366421461105
30,8,route,5.5898366421461105
30,8,source_once,5.5898366421461105
30,8,endpoint_once,5.5898366421461105
30,10,route,5.5898366421461105
30,10,source_once,5.5898366421461105
30,10,endpoint_once,5.5898366421461105
30,15,route,5.5898366421461105
30,15,source_once,5.5898366421461105
30,15,endpoint_once,5.5898366421461105
30,20,route,5.5898366421461105
30,20,source_once,5.5898366421461105
30,20,endpoint_once,5.5898366421461105
30,30,route,5.5898366421461105
30,30,source_once,5.5898366421461105
30,30,endpoint_once,5.5898366421461105
31,4,route,5.905414903536439
31,4,source_once,5.905414903536439
31,4,endpoint_once,5.905414903536439
31,6,route,5.905414903536439
31,6,source_once,5.905414903536439
31,6,endpoint_once,5.905414903536439
31,8,route,5.905414903536439
31,8,source_once,5.905414903536439
31,8,endpoint_once,5.905414903536439
31,10,route,5.905414903536439
31,10,source_once,5.905414903536439
31,10,endpoint_once,5.905414903536439
31,15,route,5.905414903536439
31,15,source_once,5.905414903536439
31,15,endpoint_once,5.905414903536439
31,20,route,5.905414903536439
31,20,source_once,5.905414903536439
31,20,endpoint_once,5.905414903536439
31,30,route,5.905414903536439
31,30,source_once,5.9046898651868105
31,30,endpoint_once,5.893937664106488
